{
    "submission_name": "google/mt5-small",
    "webnlg_en_val": {
        "predictions_file": "google/mt5-small/webnlg_en_val",
        "N": 1667,
        "msttr-100": 0.4856273764258556,
        "msttr-100_nopunct": 0.5055555555555561,
        "total_length": 26338,
        "mean_pred_length": 15.799640071985603,
        "distinct-1": 0.10437390842129243,
        "vocab_size-1": 2749,
        "unique-1": 1089,
        "entropy-1": 8.274095625803366,
        "distinct-2": 0.323213489522111,
        "vocab_size-2": 7974,
        "unique-2": 4826,
        "entropy-2": 11.469929270985295,
        "cond_entropy-2": 3.031401216111369,
        "distinct-3": 0.5360806816205878,
        "vocab_size-3": 12332,
        "unique-3": 9157,
        "entropy-3": 12.725175522396531,
        "cond_entropy-3": 1.34455083638228,
        "total_length-nopunct": 23404,
        "mean_pred_length-nopunct": 14.039592081583683,
        "distinct-1-nopunct": 0.11703127670483678,
        "vocab_size-1-nopunct": 2739,
        "unique-1-nopunct": 1088,
        "entropy-1-nopunct": 8.574757166600177,
        "distinct-2-nopunct": 0.3363849657266412,
        "vocab_size-2-nopunct": 7312,
        "unique-2-nopunct": 4562,
        "entropy-2-nopunct": 11.337545821616734,
        "cond_entropy-2-nopunct": 2.9527720083852813,
        "distinct-3-nopunct": 0.5507224713502741,
        "vocab_size-3-nopunct": 11053,
        "unique-3-nopunct": 8369,
        "entropy-3-nopunct": 12.573620988984546,
        "cond_entropy-3-nopunct": 1.3292249309470403,
        "references_file": "/lnet/spec/work/people/odusek/gem-metrics/data/references/webnlg_en_val.json",
        "bertscore": {
            "precision": 0.919998632016551,
            "recall": 0.8713745313915008,
            "f1": 0.8934688874183476,
            "hashcode": "distilbert-base-uncased_L5_no-idf_version=0.3.7(hug_trans=4.2.2)"
        },
        "bleu": 34.138373447285446,
        "bleurt": -0.08155152573733015,
        "meteor": 0.2867620049060325,
        "rouge1": {
            "low": {
                "precision": 0.7281357884538876,
                "recall": 0.569946842519509,
                "fmeasure": 0.6234310559649631
            },
            "mid": {
                "precision": 0.7353632354918882,
                "recall": 0.5776300462433119,
                "fmeasure": 0.6298718275202249
            },
            "high": {
                "precision": 0.7425049249772532,
                "recall": 0.5860891915352378,
                "fmeasure": 0.6370971909545299
            }
        },
        "rouge2": {
            "low": {
                "precision": 0.4778339581440148,
                "recall": 0.3708241772889229,
                "fmeasure": 0.40554898005355966
            },
            "mid": {
                "precision": 0.48685999201152474,
                "recall": 0.3799089661864753,
                "fmeasure": 0.4136115581213686
            },
            "high": {
                "precision": 0.49672041865001315,
                "recall": 0.38887600356608093,
                "fmeasure": 0.42235725887260145
            }
        },
        "rougeL": {
            "low": {
                "precision": 0.6170013448371374,
                "recall": 0.4846976885347123,
                "fmeasure": 0.5287555466578502
            },
            "mid": {
                "precision": 0.6249296202451404,
                "recall": 0.4942624401707699,
                "fmeasure": 0.5366473866635656
            },
            "high": {
                "precision": 0.6326178257765365,
                "recall": 0.5034867571560172,
                "fmeasure": 0.5441603100899663
            }
        },
        "rougeLsum": {
            "low": {
                "precision": 0.61661545692189,
                "recall": 0.48570112993246695,
                "fmeasure": 0.5291609006803591
            },
            "mid": {
                "precision": 0.6246607631498582,
                "recall": 0.4940636232141278,
                "fmeasure": 0.5364149836961434
            },
            "high": {
                "precision": 0.6332258461776968,
                "recall": 0.5030799383177414,
                "fmeasure": 0.5446740762539399
            }
        }
    },
    "webnlg_ru_val": {
        "predictions_file": "google/mt5-small_web_nlg/checkpoint-2443/webnlg_ru_val",
        "N": 790,
        "msttr-100": 0.3515384615384616,
        "msttr-100_nopunct": 0.35711111111111093,
        "total_length": 10492,
        "mean_pred_length": 13.281012658227848,
        "distinct-1": 0.07119710255432711,
        "vocab_size-1": 747,
        "unique-1": 250,
        "entropy-1": 7.264902034690565,
        "distinct-2": 0.17450010307153163,
        "vocab_size-2": 1693,
        "unique-2": 797,
        "entropy-2": 9.048060418091856,
        "cond_entropy-2": 1.6904131171848604,
        "distinct-3": 0.25998653500897667,
        "vocab_size-3": 2317,
        "unique-3": 1217,
        "entropy-3": 9.936389078985918,
        "cond_entropy-3": 0.9929602652392681,
        "total_length-nopunct": 9012,
        "mean_pred_length-nopunct": 11.407594936708861,
        "distinct-1-nopunct": 0.0823346648912561,
        "vocab_size-1-nopunct": 742,
        "unique-1-nopunct": 250,
        "entropy-1-nopunct": 7.497644473335912,
        "distinct-2-nopunct": 0.1862077353441985,
        "vocab_size-2-nopunct": 1531,
        "unique-2-nopunct": 716,
        "entropy-2-nopunct": 9.02158483902267,
        "cond_entropy-2-nopunct": 1.665221875236239,
        "distinct-3-nopunct": 0.2746232508073197,
        "vocab_size-3-nopunct": 2041,
        "unique-3-nopunct": 1088,
        "entropy-3-nopunct": 9.81688695951434,
        "cond_entropy-3-nopunct": 0.9380511374616912,
        "references_file": "/lnet/spec/work/people/odusek/gem-metrics/data/references/webnlg_ru_val.json",
        "bertscore": {
            "precision": 0.9226800444005411,
            "recall": 0.8882450828823862,
            "f1": 0.9039983557749398,
            "hashcode": "distilbert-base-uncased_L5_no-idf_version=0.3.7(hug_trans=4.2.2)"
        },
        "bleu": 17.763445630685304,
        "bleurt": -0.09194086135046022,
        "meteor": 0.18047292473185397,
        "rouge1": {
            "low": {
                "precision": 0.180165473678923,
                "recall": 0.16431632745477687,
                "fmeasure": 0.1649254530923836
            },
            "mid": {
                "precision": 0.20402375929274663,
                "recall": 0.18742808586163015,
                "fmeasure": 0.18791258350733414
            },
            "high": {
                "precision": 0.22850232318665858,
                "recall": 0.21199696178177196,
                "fmeasure": 0.21197865860319315
            }
        },
        "rouge2": {
            "low": {
                "precision": 0.03627601969057664,
                "recall": 0.028054628564122233,
                "fmeasure": 0.030168593947074957
            },
            "mid": {
                "precision": 0.046645569620253166,
                "recall": 0.03675968546221711,
                "fmeasure": 0.03889065751407522
            },
            "high": {
                "precision": 0.059441455696202544,
                "recall": 0.04744084340998898,
                "fmeasure": 0.04931748751131661
            }
        },
        "rougeL": {
            "low": {
                "precision": 0.17224654661442632,
                "recall": 0.1593079430531962,
                "fmeasure": 0.15943989852980925
            },
            "mid": {
                "precision": 0.19691279887482419,
                "recall": 0.18229036903087534,
                "fmeasure": 0.18237897037878426
            },
            "high": {
                "precision": 0.22248552089612222,
                "recall": 0.20755221557041179,
                "fmeasure": 0.20668163662369732
            }
        },