{
    "submission_name": "TGen",
    "cs_restaurants_val": {
        "predictions_file": "TGen/cs_restaurants_val",
        "N": 781,
        "msttr-100": 0.5652112676056339,
        "msttr-100_nopunct": 0.5866666666666667,
        "total_length": 7135,
        "mean_pred_length": 9.135723431498079,
        "distinct-1": 0.03433777154870357,
        "vocab_size-1": 245,
        "unique-1": 58,
        "entropy-1": 6.385910135726733,
        "distinct-2": 0.10890777463015423,
        "vocab_size-2": 692,
        "unique-2": 239,
        "entropy-2": 8.04806889377373,
        "cond_entropy-2": 1.3287700318388478,
        "distinct-3": 0.19827740893594115,
        "vocab_size-3": 1105,
        "unique-3": 519,
        "entropy-3": 8.730313716935344,
        "cond_entropy-3": 0.5911381367640002,
        "total_length-nopunct": 6034,
        "mean_pred_length-nopunct": 7.725992317541613,
        "distinct-1-nopunct": 0.03994033808418959,
        "vocab_size-1-nopunct": 241,
        "unique-1-nopunct": 58,
        "entropy-1-nopunct": 6.569947138430154,
        "distinct-2-nopunct": 0.11955073291452503,
        "vocab_size-2-nopunct": 628,
        "unique-2-nopunct": 222,
        "entropy-2-nopunct": 7.917905159314981,
        "cond_entropy-2-nopunct": 1.4116841100936746,
        "distinct-3-nopunct": 0.2193649373881932,
        "vocab_size-3-nopunct": 981,
        "unique-3-nopunct": 473,
        "entropy-3-nopunct": 8.660021637888097,
        "cond_entropy-3-nopunct": 0.6600195995276915,
        "references_file": "/lnet/spec/work/people/odusek/gem-metrics/data/references/cs_restaurants_val.json",
        "bertscore": {
            "precision": 0.9032677292976429,
            "recall": 0.89527151633469,
            "f1": 0.8990295406492969,
            "hashcode": "distilbert-base-uncased_L5_no-idf_version=0.3.7(hug_trans=4.2.2)"
        },
        "bleu": 15.153035950587396,
        "bleurt": -0.1329314120152009,
        "meteor": 0.21721053550893502,
        "rouge1": {
            "low": {
                "precision": 0.5070815561660952,
                "recall": 0.4377092983712671,
                "fmeasure": 0.46179606112240795
            },
            "mid": {
                "precision": 0.5251233218219873,
                "recall": 0.45286597374340926,
                "fmeasure": 0.4773044749412604
            },
            "high": {
                "precision": 0.5446386098607776,
                "recall": 0.4708942754299958,
                "fmeasure": 0.49495256954949085
            }
        },
        "rouge2": {
            "low": {
                "precision": 0.30006667488519906,
                "recall": 0.25421343283963077,
                "fmeasure": 0.26986894914503734
            },
            "mid": {
                "precision": 0.3183473587079167,
                "recall": 0.2694239271622688,
                "fmeasure": 0.2860655122429616
            },
            "high": {
                "precision": 0.3357559332934809,
                "recall": 0.2859430892743693,
                "fmeasure": 0.302385819097466
            }
        },
        "rougeL": {
            "low": {
                "precision": 0.46590130100260974,
                "recall": 0.4012776620676952,
                "fmeasure": 0.423887586175089
            },
            "mid": {
                "precision": 0.48422227556228975,
                "recall": 0.417945329854072,
                "fmeasure": 0.44066612318367127
            },
            "high": {
                "precision": 0.5035778951773277,
                "recall": 0.43542820025059403,
                "fmeasure": 0.4577477989632359
            }
        },
        "rougeLsum": {
            "low": {
                "precision": 0.4664938417915496,
                "recall": 0.4025570944525852,
                "fmeasure": 0.42486502701001994
            },
            "mid": {
                "precision": 0.4839965185637422,
                "recall": 0.4177664993195274,
                "fmeasure": 0.44031475814082244
            },
            "high": {
                "precision": 0.5021272210313714,
                "recall": 0.4354045225962027,
                "fmeasure": 0.4575314007113944
            }
        }
    },
    "cs_restaurants_test": {
        "predictions_file": "TGen/cs_restaurants_test",
        "N": 842,
        "msttr-100": 0.5194936708860761,
        "msttr-100_nopunct": 0.5579104477611941,
        "total_length": 7989,
        "mean_pred_length": 9.48812351543943,
        "distinct-1": 0.05419952434597572,
        "vocab_size-1": 433,
        "unique-1": 145,
        "entropy-1": 6.365636961599817,
        "distinct-2": 0.15307121869315796,
        "vocab_size-2": 1094,
        "unique-2": 486,
        "entropy-2": 8.186133502797444,
        "cond_entropy-2": 1.467656093304313,
        "distinct-3": 0.25598731165741473,
        "vocab_size-3": 1614,
        "unique-3": 975,
        "entropy-3": 8.886287277164739,
        "cond_entropy-3": 0.7713212066377242,
        "total_length-nopunct": 6729,
        "mean_pred_length-nopunct": 7.991686460807601,
        "distinct-1-nopunct": 0.0637539010254124,
        "vocab_size-1-nopunct": 429,
        "unique-1-nopunct": 145,
        "entropy-1-nopunct": 6.599346224830857,
        "distinct-2-nopunct": 0.15525734669611008,
        "vocab_size-2-nopunct": 914,
        "unique-2-nopunct": 445,
        "entropy-2-nopunct": 7.911306386041315,
        "cond_entropy-2-nopunct": 1.5301249682128457,
        "distinct-3-nopunct": 0.27353815659068387,
        "vocab_size-3-nopunct": 1380,
        "unique-3-nopunct": 905,
        "entropy-3-nopunct": 8.641458373067314,
        "cond_entropy-3-nopunct": 0.9137992713832347,
        "references_file": "/lnet/spec/work/people/odusek/gem-metrics/data/references/cs_restaurants_test.json",
        "bertscore": {
            "precision": 0.8952617522090178,
            "recall": 0.8911682600929731,
            "f1": 0.8930269574609335,
            "hashcode": "distilbert-base-uncased_L5_no-idf_version=0.3.7(hug_trans=4.2.2)"
        },
        "bleu": 20.43666176271114,
        "bleurt": -0.16541889864694762,
        "meteor": 0.2424880559914717,
        "rouge1": {
            "low": {
                "precision": 0.5382598734470521,
                "recall": 0.48649730887768783,
                "fmeasure": 0.5017789998373462
            },
            "mid": {
                "precision": 0.5590935994281314,
                "recall": 0.5057911898571541,
                "fmeasure": 0.520620507807197
            },
            "high": {
                "precision": 0.5783701290402251,
                "recall": 0.5228138224504907,
                "fmeasure": 0.5381327362245973
            }
        },
        "rouge2": {
            "low": {
                "precision": 0.30464441961478705,
                "recall": 0.275563756524076,
                "fmeasure": 0.28325257253092745
            },
            "mid": {
                "precision": 0.3228172066618774,
                "recall": 0.29321197488188777,
                "fmeasure": 0.30173004391491337
            },
            "high": {
                "precision": 0.33952002737868225,
                "recall": 0.30992627654892757,
                "fmeasure": 0.3179537853310349
            }
        },
        "rougeL": {
            "low": {
                "precision": 0.4764194969257654,
                "recall": 0.430395050667755,
                "fmeasure": 0.4436085579785329
            },
            "mid": {
                "precision": 0.49348629097451313,
                "recall": 0.4469111137797307,
                "fmeasure": 0.4599837080101105
            },
            "high": {
                "precision": 0.5124244402660862,
                "recall": 0.4645898608806937,
                "fmeasure": 0.4782428538424492
            }
        },