{
  "submission_name": "mBART",
  "webnlg_en_val": {
    "predictions_file": "mBART/webnlg_en_val",
    "N": 1667,
    "msttr-100": 0.5340116279069769,
    "msttr-100_nopunct": 0.5619480519480519,
    "total_length": 34454,
    "mean_pred_length": 20.668266346730654,
    "distinct-1": 0.09337087130666977,
    "vocab_size-1": 3217,
    "unique-1": 969,
    "entropy-1": 8.637675670733044,
    "distinct-2": 0.26693506572726994,
    "vocab_size-2": 8752,
    "unique-2": 4028,
    "entropy-2": 11.793462295685007,
    "cond_entropy-2": 2.9110967321387404,
    "distinct-3": 0.4184125964010283,
    "vocab_size-3": 13021,
    "unique-3": 7462,
    "entropy-3": 12.86545406396457,
    "cond_entropy-3": 1.1258818577502767,
    "total_length-nopunct": 30872,
    "mean_pred_length-nopunct": 18.519496100779843,
    "distinct-1-nopunct": 0.10391293081109096,
    "vocab_size-1-nopunct": 3208,
    "unique-1-nopunct": 968,
    "entropy-1-nopunct": 8.966148950335436,
    "distinct-2-nopunct": 0.273959938366718,
    "vocab_size-2-nopunct": 8001,
    "unique-2-nopunct": 3780,
    "entropy-2-nopunct": 11.670459980342539,
    "cond_entropy-2-nopunct": 2.8537725244377063,
    "distinct-3-nopunct": 0.42773621904277725,
    "vocab_size-3-nopunct": 11779,
    "unique-3-nopunct": 6940,
    "entropy-3-nopunct": 12.72108327306664,
    "cond_entropy-3-nopunct": 1.107101990020694,
    "references_file": "/lnet/spec/work/people/odusek/gem-metrics/data/references/webnlg_en_val.json",
    "bertscore": {
      "precision": 0.9598239398174252,
      "recall": 0.953139100664021,
      "f1": 0.9555890063504366,
      "hashcode": "distilbert-base-uncased_L5_no-idf_version=0.3.7(hug_trans=4.2.2)"
    },
    "bleu": 66.07631192050717,
    "bleurt": 0.4576530111352208,
    "meteor": 0.4627275857670189,
    "rouge1": {
      "precision": 0.8576657125370449,
      "recall": 0.8207301810726465,
      "fmeasure": 0.8340768532690339
    },
    "rouge2": {
      "precision": 0.6494121372020185,
      "recall": 0.621336713871532,
      "fmeasure": 0.6311586826117737
    },
    "rougeL": {
      "precision": 0.7228568887660674,
      "recall": 0.6928523740284123,
      "fmeasure": 0.7034384342354834
    },
    "rougeLsum": {
      "precision": 0.7230698592253506,
      "recall": 0.6931899259546415,
      "fmeasure": 0.7037871879042614
    }
  },
  "webnlg_ru_val": {
    "predictions_file": "mBART/webnlg_ru_val",
    "N": 790,
    "msttr-100": 0.45536912751677866,
    "msttr-100_nopunct": 0.48585365853658546,
    "total_length": 14917,
    "mean_pred_length": 18.88227848101266,
    "distinct-1": 0.07990882885298653,
    "vocab_size-1": 1192,
    "unique-1": 334,
    "entropy-1": 8.078010135494026,
    "distinct-2": 0.1966447228710979,
    "vocab_size-2": 2778,
    "unique-2": 1143,
    "entropy-2": 10.295239318346248,
    "cond_entropy-2": 1.9721814134395514,
    "distinct-3": 0.2919697083302092,
    "vocab_size-3": 3894,
    "unique-3": 1945,
    "entropy-3": 11.033836365788067,
    "cond_entropy-3": 0.7711150565056255,
    "total_length-nopunct": 12302,
    "mean_pred_length-nopunct": 15.572151898734177,
    "distinct-1-nopunct": 0.09648837587384165,
    "vocab_size-1-nopunct": 1187,
    "unique-1-nopunct": 334,
    "entropy-1-nopunct": 8.609526024447934,
    "distinct-2-nopunct": 0.22029186935371786,
    "vocab_size-2-nopunct": 2536,
    "unique-2-nopunct": 1122,
    "entropy-2-nopunct": 10.22859752432109,
    "cond_entropy-2-nopunct": 1.6904872894414122,
    "distinct-3-nopunct": 0.32270098862152585,
    "vocab_size-3-nopunct": 3460,
    "unique-3-nopunct": 1853,
    "entropy-3-nopunct": 10.885301544361049,
    "cond_entropy-3-nopunct": 0.6995995207227084,
    "references_file": "/lnet/spec/work/people/odusek/gem-metrics/data/references/webnlg_ru_val.json",
    "bertscore": {
      "precision": 0.9538456756102888,
      "recall": 0.9506208437907545,
      "f1": 0.9514265823967849,
      "hashcode": "distilbert-base-uncased_L5_no-idf_version=0.3.7(hug_trans=4.2.2)"
    },
    "bleu": 46.99787321300252,
    "bleurt": 0.1780907061272064,
    "meteor": 0.6130788794224541,
    "rouge1": {
      "precision": 0.347268259752437,
      "recall": 0.35509585380629693,
      "fmeasure": 0.34906912190528533
    },
    "rouge2": {
      "precision": 0.13328668694175022,
      "recall": 0.13981095615589284,
      "fmeasure": 0.1354228329304749
    },
    "rougeL": {
      "precision": 0.3286404506182986,
      "recall": 0.33697688153384364,
      "fmeasure": 0.3304948399918058
    },
    "rougeLsum": {
      "precision": 0.3281685069501523,
      "recall": 0.3361254954609385,
      "fmeasure": 0.3298024154751489
    }
  },
  "webnlg_en_test": {
    "predictions_file": "mBART/webnlg_en_test",
    "N": 1779,
    "msttr-100": 0.6464778325123145,
    "msttr-100_nopunct": 0.6812328767123281,
    "total_length": 40611,
    "mean_pred_length": 22.827993254637438,
    "distinct-1": 0.03676343847725986,
    "vocab_size-1": 1493,
    "unique-1": 288,
    "entropy-1": 7.968271940659269,
    "distinct-2": 0.12188401318500205,
    "vocab_size-2": 4733,
    "unique-2": 1624,
    "entropy-2": 10.818906008368431,
    "cond_entropy-2": 2.6646052795701114,
    "distinct-3": 0.2177691415000135,
    "vocab_size-3": 8069,
    "unique-3": 3634,
    "entropy-3": 11.87683180621449,
    "cond_entropy-3": 1.1313547650303668,
    "total_length-nopunct": 36593,
    "mean_pred_length-nopunct": 20.569421023046655,
    "distinct-1-nopunct": 0.04060885961795972,
    "vocab_size-1-nopunct": 1486,
    "unique-1-nopunct": 288,
    "entropy-1-nopunct": 8.19076846864017,
    "distinct-2-nopunct": 0.12687424599299132,
    "vocab_size-2-nopunct": 4417,
    "unique-2-nopunct": 1628,
    "entropy-2-nopunct": 10.691012572640854,
    "cond_entropy-2-nopunct": 2.649288207813525,
    "distinct-3-nopunct": 0.2272741032238535,
    "vocab_size-3-nopunct": 7508,
    "unique-3-nopunct": 3541,
    "entropy-3-nopunct": 11.754192221663184,
    "cond_entropy-3-nopunct": 1.126051369167583,
    "references_file": "/lnet/spec/work/people/odusek/gem-metrics/data/references/webnlg_en_test.json",
    "bertscore": {
      "precision": 0.9331187013831951,
      "recall": 0.9252048170988717,
      "f1": 0.9279131583111416,
      "hashcode": "distilbert-base-uncased_L5_no-idf_version=0.3.7(hug_trans=4.2.2)"
    },
    "bleu": 52.109773317668015,
    "bleurt": 0.2555915576765823,
    "meteor": 0.3973864680422507,
    "rouge1": {
      "precision": 0.8046269034153323,
      "recall": 0.7633276919941956,
      "fmeasure": 0.7767994256063027
    },
    "rouge2": {
      "precision": 0.5577966143574478,
      "recall": 0.5266102039384313,
      "fmeasure": 0.5366196243194549
    },
    "rougeL": {
      "precision": 0.6456671244412369,
      "recall": 0.6115269272785444,
      "fmeasure": 0.6223370352103772
    },
    "rougeLsum": {
      "precision": 0.6458846190919272,
      "recall": 0.6118282309020442,
      "fmeasure": 0.6227151720387042
    }
  },
  "webnlg_ru_test": {
    "predictions_file": "mBART/webnlg_ru_test",
    "N": 1102,
    "msttr-100": 0.731926605504587,
    "msttr-100_nopunct": 0.8122527472527472,
    "total_length": 21837,
    "mean_pred_length": 19.81578947368421,
    "distinct-1": 0.10843980400238128,
    "vocab_size-1": 2368,
    "unique-1": 652,
    "entropy-1": 8.865596133539377,
    "distinct-2": 0.2773571256329877,
    "vocab_size-2": 5751,
    "unique-2": 2486,
    "entropy-2": 11.555389050384436,
    "cond_entropy-2": 2.418296068919282,
    "distinct-3": 0.41257067182804463,
    "vocab_size-3": 8100,
    "unique-3": 4417,
    "entropy-3": 12.392922854070992,
    "cond_entropy-3": 0.8657703546860861,
    "total_length-nopunct": 18207,
    "mean_pred_length-nopunct": 16.521778584392013,
    "distinct-1-nopunct": 0.12962047564123688,
    "vocab_size-1-nopunct": 2360,
    "unique-1-nopunct": 652,
    "entropy-1-nopunct": 9.493396667157846,
    "distinct-2-nopunct": 0.30564162525577315,
    "vocab_size-2-nopunct": 5228,
    "unique-2-nopunct": 2446,