{
    "submission_name": "NUIG-DSI (baseline) - Tags",
    "param_count": 222903552,
    "dart_validation": {
        "predictions_file": "NUIG-DSI (baseline) - Tags/dart_validation",
        "N": 2768,
        "references_file": "/usr/local/google/home/gehrmann/Documents/GEM-metrics/data/references/dart_validation.json",
        "bleu": 0.00543,
        "nist": 0.6019953693026239,
        "local_recall": {
            "1": 0.03506835877628594,
            "2": 0.018331162977061003,
            "3": 0.013861386138613862,
            "4": 0.026742899299151603,
            "5": 0.04548436474961732,
            "6": 0.06177924217462932,
            "7": 0.08087248322147651,
            "8": 0.0935483870967742,
            "9": 0.0992108229988726,
            "10": 0.11160058737151249,
            "11": 0.10867178924259056,
            "12": 0.11544461778471139,
            "13": 0.087527352297593,
            "14": 0.06086956521739131,
            "15": 0.07075471698113207,
            "16": 0.1111111111111111,
            "17": 0.038461538461538464,
            "18": 0.06666666666666667,
            "19": 0.041666666666666664,
            "20": 0.058823529411764705,
            "21": 0.08695652173913043,
            "22": 0.0625,
            "23": 0.0,
            "24": 0.0,
            "25": 0.16666666666666666,
            "26": 0.0,
            "27": 0,
            "28": 0.0,
            "29": 0.0,
            "30": 0.0,
            "31": 0.0,
            "32": 0,
            "33": 0,
            "34": 0,
            "35": 0,
            "36": 0,
            "37": 0.0,
            "38": 0,
            "39": 0,
            "40": 0,
            "41": 0,
            "42": 0,
            "43": 0,
            "44": 0,
            "45": 0,
            "46": 0,
            "47": 0,
            "48": 0,
            "49": 0,
            "50": 0,
            "51": 0,
            "52": 0,
            "53": 0,
            "54": 0,
            "55": 0,
            "56": 0,
            "57": 0,
            "58": 0,
            "59": 0,
            "60": 0,
            "61": 0,
            "62": 0,
            "63": 0,
            "64": 0,
            "65": 0,
            "66": 0,
            "67": 0,
            "68": 0,
            "69": 0,
            "70": 0,
            "71": 0,
            "72": 0
        },
        "rouge1": {
            "precision": 0.0395,
            "recall": 0.75289,
            "fmeasure": 0.07434
        },
        "rouge2": {
            "precision": 0.0,
            "recall": 0.0,
            "fmeasure": 0.0
        },
        "rougeL": {
            "precision": 0.0395,
            "recall": 0.75289,
            "fmeasure": 0.07434
        },
        "rougeLsum": {
            "precision": 0.0395,
            "recall": 0.75289,
            "fmeasure": 0.07434
        },
        "meteor": 0.0806691621132047,
        "bleurt": 0.26704,
        "bertscore": {
            "precision": 0.91597,
            "recall": 0.90968,
            "f1": 0.91242
        },
        "nubia": {
            "semantic_relation": 4.35097,
            "contradiction": 5.00283,
            "irrelevancy": 14.47468,
            "logical_agreement": 80.48636,
            "grammar_ref": 4.89172,
            "grammar_hyp": 4.51396,
            "nubia_score": 0.7995
        }
    }
}
