{
    "submission_name": "NUIG-DSI (baseline) - Entity Masked",
    "param_count": 222903552,
    "dart_validation": {
        "predictions_file": "NUIG-DSI (baseline) - Entity Masked/dart_validation",
        "N": 2768,
        "references_file": "/usr/local/google/home/gehrmann/Documents/GEM-metrics/data/references/dart_validation.json",
        "nist": 0.6158641997044266,
        "local_recall": {
            "1": 0.023297161424805347,
            "2": 0.016928778924171092,
            "3": 0.015134370579915134,
            "4": 0.02748063445223165,
            "5": 0.04373496610540127,
            "6": 0.06123009335529929,
            "7": 0.08187919463087248,
            "8": 0.09274193548387097,
            "9": 0.09751972942502818,
            "10": 0.11013215859030837,
            "11": 0.10647639956092206,
            "12": 0.11076443057722309,
            "13": 0.08533916849015317,
            "14": 0.06376811594202898,
            "15": 0.07075471698113207,
            "16": 0.08333333333333333,
            "17": 0.0,
            "18": 0.09333333333333334,
            "19": 0.0625,
            "20": 0.058823529411764705,
            "21": 0.08695652173913043,
            "22": 0.0625,
            "23": 0.06666666666666667,
            "24": 0.1,
            "25": 0.3333333333333333,
            "26": 0.25,
            "27": 0,
            "28": 0.0,
            "29": 0.0,
            "30": 0.0,
            "31": 0.0,
            "32": 0,
            "33": 0,
            "34": 0,
            "35": 0,
            "36": 0,
            "37": 0.0,
            "38": 0,
            "39": 0,
            "40": 0,
            "41": 0,
            "42": 0,
            "43": 0,
            "44": 0,
            "45": 0,
            "46": 0,
            "47": 0,
            "48": 0,
            "49": 0,
            "50": 0,
            "51": 0,
            "52": 0,
            "53": 0,
            "54": 0,
            "55": 0,
            "56": 0,
            "57": 0,
            "58": 0,
            "59": 0,
            "60": 0,
            "61": 0,
            "62": 0,
            "63": 0,
            "64": 0,
            "65": 0,
            "66": 0,
            "67": 0,
            "68": 0,
            "69": 0,
            "70": 0,
            "71": 0,
            "72": 0
        },
        "rouge1": {
            "precision": 0.04134,
            "recall": 0.73018,
            "fmeasure": 0.07749
        },
        "rouge2": {
            "precision": 0.0,
            "recall": 0.0,
            "fmeasure": 0.0
        },
        "rougeL": {
            "precision": 0.04134,
            "recall": 0.73018,
            "fmeasure": 0.07749
        },
        "rougeLsum": {
            "precision": 0.04134,
            "recall": 0.73018,
            "fmeasure": 0.07749
        },
        "bleu": 0.00605,
        "bertscore": {
            "precision": 0.91588,
            "recall": 0.89557,
            "f1": 0.90512
        },
        "nubia": {
            "semantic_relation": 4.13281,
            "contradiction": 5.61298,
            "irrelevancy": 12.41219,
            "logical_agreement": 81.9387,
            "grammar_ref": 4.89041,
            "grammar_hyp": 4.62518,
            "nubia_score": 0.72597
        },
        "meteor": 0.08472475526252074,
        "bleurt": 0.18399
    }
}
