{
    "submission_name": "NUIG-DSI (baseline) - Spacy",
    "param_count": 222903552,
    "dart_validation": {
        "predictions_file": "NUIG-DSI (baseline) - Spacy/dart_validation",
        "N": 2768,
        "references_file": "/usr/local/google/home/gehrmann/Documents/GEM-metrics/data/references/dart_validation.json",
        "rouge1": {
            "precision": 0.03961,
            "recall": 0.73563,
            "fmeasure": 0.0744
        },
        "rouge2": {
            "precision": 0.0,
            "recall": 0.0,
            "fmeasure": 0.0
        },
        "rougeL": {
            "precision": 0.03961,
            "recall": 0.73563,
            "fmeasure": 0.0744
        },
        "rougeLsum": {
            "precision": 0.03961,
            "recall": 0.73563,
            "fmeasure": 0.0744
        },
        "bleu": 0.00559,
        "local_recall": {
            "1": 0.034455275580896325,
            "2": 0.01903235500350596,
            "3": 0.014144271570014143,
            "4": 0.028218369605311693,
            "5": 0.04460966542750929,
            "6": 0.061504667764964306,
            "7": 0.08087248322147651,
            "8": 0.09153225806451613,
            "9": 0.0992108229988726,
            "10": 0.11233480176211454,
            "11": 0.10976948408342481,
            "12": 0.11388455538221529,
            "13": 0.09409190371991247,
            "14": 0.057971014492753624,
            "15": 0.07075471698113207,
            "16": 0.10416666666666667,
            "17": 0.038461538461538464,
            "18": 0.06666666666666667,
            "19": 0.0625,
            "20": 0.08823529411764706,
            "21": 0.043478260869565216,
            "22": 0.0,
            "23": 0.06666666666666667,
            "24": 0.2,
            "25": 0.16666666666666666,
            "26": 0.25,
            "27": 0,
            "28": 0.0,
            "29": 0.5,
            "30": 0.0,
            "31": 0.0,
            "32": 0,
            "33": 0,
            "34": 0,
            "35": 0,
            "36": 0,
            "37": 0.0,
            "38": 0,
            "39": 0,
            "40": 0,
            "41": 0,
            "42": 0,
            "43": 0,
            "44": 0,
            "45": 0,
            "46": 0,
            "47": 0,
            "48": 0,
            "49": 0,
            "50": 0,
            "51": 0,
            "52": 0,
            "53": 0,
            "54": 0,
            "55": 0,
            "56": 0,
            "57": 0,
            "58": 0,
            "59": 0,
            "60": 0,
            "61": 0,
            "62": 0,
            "63": 0,
            "64": 0,
            "65": 0,
            "66": 0,
            "67": 0,
            "68": 0,
            "69": 0,
            "70": 0,
            "71": 0,
            "72": 0
        },
        "nist": 0.615520455951977,
        "meteor": 0.08177841199661219,
        "nubia": {
            "semantic_relation": 4.33442,
            "contradiction": 5.4308,
            "irrelevancy": 13.23289,
            "logical_agreement": 81.33631,
            "grammar_ref": 4.89251,
            "grammar_hyp": 4.56546,
            "nubia_score": 0.7931
        },
        "bertscore": {
            "precision": 0.91864,
            "recall": 0.90852,
            "f1": 0.91323
        },
        "bleurt": 0.26897
    }
}
