{
    "submission_name": "NUIG-DSI (baseline) - DBPedia",
    "param_count": 222903552,
    "dart_validation": {
        "predictions_file": "NUIG-DSI (baseline) - DBPedia/dart_validation",
        "N": 2768,
        "references_file": "/usr/local/google/home/gehrmann/Documents/GEM-metrics/data/references/dart_validation.json",
        "rouge1": {
            "precision": 0.03958,
            "recall": 0.74999,
            "fmeasure": 0.07437
        },
        "rouge2": {
            "precision": 0.0,
            "recall": 0.0,
            "fmeasure": 0.0
        },
        "rougeL": {
            "precision": 0.03958,
            "recall": 0.74999,
            "fmeasure": 0.07437
        },
        "rougeLsum": {
            "precision": 0.03958,
            "recall": 0.74999,
            "fmeasure": 0.07437
        },
        "bleu": 0.00546,
        "local_recall": {
            "1": 0.0340261173441236,
            "2": 0.018531503556045277,
            "3": 0.014568599717114569,
            "4": 0.026927333087421616,
            "5": 0.043953640935928275,
            "6": 0.060955518945634266,
            "7": 0.08053691275167785,
            "8": 0.09193548387096774,
            "9": 0.10090191657271702,
            "10": 0.11380323054331865,
            "11": 0.10976948408342481,
            "12": 0.12012480499219969,
            "13": 0.08315098468271334,
            "14": 0.0782608695652174,
            "15": 0.08018867924528301,
            "16": 0.09722222222222222,
            "17": 0.05128205128205128,
            "18": 0.06666666666666667,
            "19": 0.020833333333333332,
            "20": 0.08823529411764706,
            "21": 0.13043478260869565,
            "22": 0.0625,
            "23": 0.06666666666666667,
            "24": 0.1,
            "25": 0.3333333333333333,
            "26": 0.25,
            "27": 0,
            "28": 0.0,
            "29": 0.5,
            "30": 0.0,
            "31": 0.0,
            "32": 0,
            "33": 0,
            "34": 0,
            "35": 0,
            "36": 0,
            "37": 0.0,
            "38": 0,
            "39": 0,
            "40": 0,
            "41": 0,
            "42": 0,
            "43": 0,
            "44": 0,
            "45": 0,
            "46": 0,
            "47": 0,
            "48": 0,
            "49": 0,
            "50": 0,
            "51": 0,
            "52": 0,
            "53": 0,
            "54": 0,
            "55": 0,
            "56": 0,
            "57": 0,
            "58": 0,
            "59": 0,
            "60": 0,
            "61": 0,
            "62": 0,
            "63": 0,
            "64": 0,
            "65": 0,
            "66": 0,
            "67": 0,
            "68": 0,
            "69": 0,
            "70": 0,
            "71": 0,
            "72": 0
        },
        "nist": 0.5984883957387959,
        "bertscore": {
            "precision": 0.91649,
            "recall": 0.90838,
            "f1": 0.91208
        },
        "meteor": 0.08046412990250623,
        "bleurt": 0.26671,
        "nubia": {
            "semantic_relation": 4.32922,
            "contradiction": 5.12013,
            "irrelevancy": 14.82279,
            "logical_agreement": 80.05709,
            "grammar_ref": 4.89251,
            "grammar_hyp": 4.54401,
            "nubia_score": 0.79345
        }
    }
}
