{
    "submission_name": "NUIG-DSI (baseline) - Predicate Masked",
    "param_count": 222903552,
    "dart_validation": {
        "predictions_file": "NUIG-DSI (baseline) - Predicate Masked/dart_validation",
        "N": 2768,
        "references_file": "/usr/local/google/home/gehrmann/Documents/GEM-metrics/data/references/dart_validation.json",
        "local_recall": {
            "1": 0.025197719330513152,
            "2": 0.016928778924171092,
            "3": 0.014285714285714285,
            "4": 0.028033935817041684,
            "5": 0.04307894161382025,
            "6": 0.06177924217462932,
            "7": 0.08187919463087248,
            "8": 0.0935483870967742,
            "9": 0.10090191657271702,
            "10": 0.11086637298091043,
            "11": 0.10757409440175632,
            "12": 0.11388455538221529,
            "13": 0.08315098468271334,
            "14": 0.06376811594202898,
            "15": 0.06132075471698113,
            "16": 0.0763888888888889,
            "17": 0.01282051282051282,
            "18": 0.06666666666666667,
            "19": 0.020833333333333332,
            "20": 0.058823529411764705,
            "21": 0.08695652173913043,
            "22": 0.0,
            "23": 0.06666666666666667,
            "24": 0.0,
            "25": 0.3333333333333333,
            "26": 0.25,
            "27": 0,
            "28": 0.0,
            "29": 0.0,
            "30": 0.0,
            "31": 0.0,
            "32": 0,
            "33": 0,
            "34": 0,
            "35": 0,
            "36": 0,
            "37": 0.0,
            "38": 0,
            "39": 0,
            "40": 0,
            "41": 0,
            "42": 0,
            "43": 0,
            "44": 0,
            "45": 0,
            "46": 0,
            "47": 0,
            "48": 0,
            "49": 0,
            "50": 0,
            "51": 0,
            "52": 0,
            "53": 0,
            "54": 0,
            "55": 0,
            "56": 0,
            "57": 0,
            "58": 0,
            "59": 0,
            "60": 0,
            "61": 0,
            "62": 0,
            "63": 0,
            "64": 0,
            "65": 0,
            "66": 0,
            "67": 0,
            "68": 0,
            "69": 0,
            "70": 0,
            "71": 0,
            "72": 0
        },
        "nist": 0.6152097626083232,
        "bleu": 0.00602,
        "rouge1": {
            "precision": 0.04124,
            "recall": 0.73596,
            "fmeasure": 0.07739
        },
        "rouge2": {
            "precision": 0.0,
            "recall": 0.0,
            "fmeasure": 0.0
        },
        "rougeL": {
            "precision": 0.04124,
            "recall": 0.73596,
            "fmeasure": 0.07739
        },
        "rougeLsum": {
            "precision": 0.04124,
            "recall": 0.73596,
            "fmeasure": 0.07739
        },
        "bleurt": 0.18334,
        "bertscore": {
            "precision": 0.91481,
            "recall": 0.89656,
            "f1": 0.90511
        },
        "meteor": 0.08411044797207558,
        "nubia": {
            "semantic_relation": 4.146,
            "contradiction": 5.44039,
            "irrelevancy": 13.99966,
            "logical_agreement": 80.52383,
            "grammar_ref": 4.89041,
            "grammar_hyp": 4.59973,
            "nubia_score": 0.73212
        }
    }
}
