{
    "submission_name": "NUIG-DSI (baseline) - Entity+Predicate Masked",
    "param_count": 222903552,
    "dart_validation": {
        "predictions_file": "NUIG-DSI (baseline) - Entity+Predicate Masked/dart_validation",
        "N": 2768,
        "references_file": "/usr/local/google/home/gehrmann/Documents/GEM-metrics/data/references/dart_validation.json",
        "bleu": 0.00603,
        "rouge1": {
            "precision": 0.04129,
            "recall": 0.73487,
            "fmeasure": 0.07748
        },
        "rouge2": {
            "precision": 0.0,
            "recall": 0.0,
            "fmeasure": 0.0
        },
        "rougeL": {
            "precision": 0.04129,
            "recall": 0.73487,
            "fmeasure": 0.07748
        },
        "rougeLsum": {
            "precision": 0.04129,
            "recall": 0.73487,
            "fmeasure": 0.07748
        },
        "local_recall": {
            "1": 0.025075102691435227,
            "2": 0.017028949213663228,
            "3": 0.014568599717114569,
            "4": 0.028402803393581703,
            "5": 0.045047015088563305,
            "6": 0.06260296540362438,
            "7": 0.08087248322147651,
            "8": 0.0939516129032258,
            "9": 0.10146561443066517,
            "10": 0.11233480176211454,
            "11": 0.10537870472008781,
            "12": 0.11232449297971919,
            "13": 0.08096280087527352,
            "14": 0.05507246376811594,
            "15": 0.06132075471698113,
            "16": 0.08333333333333333,
            "17": 0.0,
            "18": 0.08,
            "19": 0.020833333333333332,
            "20": 0.058823529411764705,
            "21": 0.08695652173913043,
            "22": 0.0625,
            "23": 0.06666666666666667,
            "24": 0.0,
            "25": 0.16666666666666666,
            "26": 0.25,
            "27": 0,
            "28": 0.0,
            "29": 0.0,
            "30": 0.0,
            "31": 0.0,
            "32": 0,
            "33": 0,
            "34": 0,
            "35": 0,
            "36": 0,
            "37": 0.0,
            "38": 0,
            "39": 0,
            "40": 0,
            "41": 0,
            "42": 0,
            "43": 0,
            "44": 0,
            "45": 0,
            "46": 0,
            "47": 0,
            "48": 0,
            "49": 0,
            "50": 0,
            "51": 0,
            "52": 0,
            "53": 0,
            "54": 0,
            "55": 0,
            "56": 0,
            "57": 0,
            "58": 0,
            "59": 0,
            "60": 0,
            "61": 0,
            "62": 0,
            "63": 0,
            "64": 0,
            "65": 0,
            "66": 0,
            "67": 0,
            "68": 0,
            "69": 0,
            "70": 0,
            "71": 0,
            "72": 0
        },
        "nist": 0.6126666230217096,
        "bertscore": {
            "precision": 0.91499,
            "recall": 0.89667,
            "f1": 0.90532
        },
        "meteor": 0.08402897891197292,
        "nubia": {
            "semantic_relation": 4.14522,
            "contradiction": 5.70227,
            "irrelevancy": 13.87074,
            "logical_agreement": 80.42698,
            "grammar_ref": 4.89251,
            "grammar_hyp": 4.62058,
            "nubia_score": 0.73006
        },
        "bleurt": 0.18148
    }
}
